ace_Arab | ace_Arab
ace_Latn | ace_Latn
acm_Arab | acm_Arab
acq_Arab | acq_Arab
aeb_Arab | aeb_Arab
afr_Latn | afr_Latn
ajp_Arab | apc_Arab
als_Latn | als_Latn
amh_Ethi | amh_Ethi
apc_Arab | apc_Arab
arb_Arab | arb_Arab
arb_Latn | arb_Latn
ars_Arab | ars_Arab
ary_Arab | ary_Arab
arz_Arab | arz_Arab
azb_Arab | azb_Arab
azj_Latn | azj_Latn
bel_Cyrl | bel_Cyrl
ben_Beng | ben_Beng
bjn_Arab | bjn_Arab
bjn_Latn | bjn_Latn
bul_Cyrl | bul_Cyrl
cat_Latn | cat_Latn
ceb_Latn | ceb_Latn
ces_Latn | ces_Latn
ckb_Arab | ckb_Arab
cym_Latn | cym_Latn
dan_Latn | dan_Latn
deu_Latn | deu_Latn
ell_Grek | ell_Grek
eng_Latn | eng_Latn
epo_Latn | epo_Latn
est_Latn | est_Latn
eus_Latn | eus_Latn
fin_Latn | fin_Latn
fra_Latn | fra_Latn
gla_Latn | gla_Latn
gle_Latn | gle_Latn
glg_Latn | glg_Latn
guj_Gujr | guj_Gujr
hat_Latn | hat_Latn
hau_Latn | hau_Latn
heb_Hebr | heb_Hebr
hin_Deva | hin_Deva
hun_Latn | hun_Latn
hye_Armn | hye_Armn
ibo_Latn | ibo_Latn
ind_Latn | ind_Latn
isl_Latn | isl_Latn
ita_Latn | ita_Latn
jav_Latn | jav_Latn
jpn_Jpan | jpn_Hira
kan_Knda | kan_Knda
kas_Arab | kas_Arab
kat_Geor | kat_Geor
kaz_Cyrl | kaz_Cyrl
khk_Cyrl | khk_Cyrl
khm_Khmr | khm_Khmr
kir_Cyrl | kir_Cyrl
kmr_Latn | kmr_Latn
knc_Arab | knc_Arab
knc_Latn | knc_Latn
kor_Hang | kor_Hang
lao_Laoo | lao_Laoo
lit_Latn | lit_Latn
ltz_Latn | ltz_Latn
lvs_Latn | lvs_Latn
mal_Mlym | mal_Mlym
mar_Deva | mar_Deva
min_Arab | min_Latn
min_Latn | min_Latn
mkd_Cyrl | mkd_Cyrl
mlt_Latn | mlt_Latn
mni_Beng | mni_Beng
mri_Latn | mri_Latn
mya_Mymr | mya_Mymr
nld_Latn | nld_Latn
nno_Latn | nno_Latn
nob_Latn | nob_Latn
npi_Deva | npi_Deva
nso_Latn | nso_Latn
pbt_Arab | pbt_Arab
pes_Arab | pes_Arab
plt_Latn | plt_Latn
pol_Latn | pol_Latn
por_Latn | por_Latn
ron_Latn | ron_Latn
rus_Cyrl | rus_Cyrl
sin_Sinh | sin_Sinh
slk_Latn | slk_Latn
slv_Latn | slv_Latn
smo_Latn | smo_Latn
sna_Latn | sna_Latn
snd_Arab | snd_Arab
som_Latn | som_Latn
sot_Latn | sot_Latn
spa_Latn | spa_Latn
srp_Cyrl | srp_Cyrl
sun_Latn | sun_Latn
swe_Latn | swe_Latn
swh_Latn | swh_Latn
tam_Taml | tam_Taml
taq_Latn | taq_Latn
tel_Telu | tel_Telu
tgk_Cyrl | tgk_Cyrl
tha_Thai | tha_Thai
tur_Latn | tur_Latn
ukr_Cyrl | ukr_Cyrl
urd_Arab | urd_Arab
uzn_Latn | uzn_Latn
vie_Latn | vie_Latn
xho_Latn | xho_Latn
ydd_Hebr | ydd_Hebr
yor_Latn | yor_Latn
yue_Hant | yue_Hant
zho_Hans | zho_Hans
zho_Hant | zho_Hans
zsm_Latn | zsm_Latn
zul_Latn | zul_Latn
