asm_Beng | asm_Beng
ben_Beng | ben_Beng
brx_Deva | brx_Deva
doi_Deva | doi_Deva
eng_Latn | eng_Latn
guj_Gujr | guj_Gujr
hin_Deva | hin_Deva
kan_Knda | kan_Knda
kas_Arab | kas_Arab
gom_Deva | gom_Deva
mai_Deva | mai_Deva
mal_Mlym | mal_Mlym
mni_Mtei | mni_Mtei
mar_Deva | mar_Deva
npi_Deva | npi_Deva
ory_Orya | ory_Orya
pan_Guru | pan_Guru
san_Deva | san_Deva
sat_Olck | sat_Olck
snd_Deva | snd_Deva
tam_Taml | tam_Taml
tel_Telu | tel_Telu
urd_Arab | urd_Arab
