abk_Cyrl | abk_Cyrl
ace_Latn | ace_Latn
ach_Latn | ach_Latn
aar_Latn | aar_Latn
afr_Latn | afr_Latn
sqi_Latn | sqi_Latn
alz_Latn | alz_Latn
amh_Ethi | amh_Ethi
ara_Arab | ara_Arab
hye_Armn | hye_Armn
asm_Beng | asm_Beng
ava_Cyrl | ava_Cyrl
awa_Deva | awa_Deva
aym_Latn | aym_Latn
aze_Latn | aze_Latn
ban_Latn | ban_Latn
bal_Arab | bal_Arab
bam_Latn | bam_Latn
bci_Latn | bci_Latn
bak_Cyrl | bak_Cyrl
eus_Latn | eus_Latn
btx_Latn | btx_Latn
bts_Batk | bts_Latn
bbc_Batk | bbc_Latn
bel_Cyrl | bel_Cyrl
bem_Latn | bem_Latn
ben_Beng | ben_Beng
bew_Latn | bew_Latn
bho_Deva | bho_Deva
bik_Latn | bik_Latn
bos_Latn | bos_Latn
bre_Latn | bre_Latn
bul_Cyrl | bul_Cyrl
bua_Cyrl | bua_Cyrl
yue_Hant | yue_Hant
cat_Latn | cat_Latn
ceb_Latn | ceb_Latn
cha_Latn | cha_Latn
che_Cyrl | che_Cyrl
nya_Latn | nya_Latn
zho_Hans | zho_Hans
zho_Hant | zho_Hant
chk_Latn | chk_Latn
chv_Cyrl | chv_Cyrl
cos_Latn | cos_Latn
crh_Latn | crh_Cyrl
hrv_Latn | hrv_Latn
ces_Latn | ces_Latn
dan_Latn | dan_Latn
din_Latn | din_Latn
div_Thaa | div_Thaa
doi_Deva | doi_Deva
dov_Latn | dov_Latn
nld_Latn | nld_Latn
dyu_Latn | dyu_Latn
dzo_Tibt | dzo_Tibt
eng_Latn | eng_Latn
epo_Latn | epo_Latn
est_Latn | est_Latn
ewe_Latn | ewe_Latn
fao_Latn | fao_Latn
fij_Latn | fij_Latn
fil_Latn | fil_Latn
fin_Latn | fin_Latn
fon_Latn | fon_Latn
fra_Latn | fra_Latn
fry_Latn | fry_Latn
fur_Latn | fur_Latn
ful_Latn | ful_Latn
gaa_Latn | gaa_Latn
glg_Latn | glg_Latn
lug_Latn | lug_Latn
kat_Geor | kat_Geor
deu_Latn | deu_Latn
ell_Grek | ell_Grek
grn_Latn | grn_Latn
guj_Gujr | guj_Gujr
hat_Latn | hat_Latn
cnh_Latn | cnh_Latn
hau_Latn | hau_Latn
haw_Latn | haw_Latn
hil_Latn | hil_Latn
hin_Deva | hin_Deva
hmn_Latn | hmn_Latn
hun_Latn | hun_Latn
hrx_Latn | hrx_Latn
iba_Latn | iba_Latn
isl_Latn | isl_Latn
ibo_Latn | ibo_Latn
ilo_Latn | ilo_Latn
ind_Latn | ind_Latn
gle_Latn | gle_Latn
ita_Latn | ita_Latn
jam_Latn | jam_Latn
jpn_Jpan | jpn_Hira
kac_Latn | kac_Latn
kal_Latn | kal_Latn
kan_Knda | kan_Knda
kau_Latn | kau_Latn
pam_Latn | pam_Latn
kaz_Cyrl | kaz_Cyrl
kha_Latn | kha_Latn
khm_Khmr | khm_Khmr
cgg_Latn | cgg_Latn
kon_Latn | kon_Latn
kin_Latn | kin_Latn
ktu_Latn | ktu_Latn
trp_Latn | trp_Latn
kom_Cyrl | kom_Cyrl
gom_Latn | gom_Deva
kor_Hang | kor_Hang
kri_Latn | kri_Latn
kur_Latn | kur_Latn
ckb_Arab | ckb_Arab
kir_Cyrl | kir_Cyrl
lao_Laoo | lao_Laoo
ltg_Latn | ltg_Latn
lat_Latn | lat_Latn
lav_Latn | lav_Latn
lij_Latn | lij_Latn
lim_Latn | lim_Latn
lin_Latn | lin_Latn
lit_Latn | lit_Latn
lmo_Latn | lmo_Latn
luo_Latn | luo_Latn
ltz_Latn | ltz_Latn
mkd_Cyrl | mkd_Cyrl
mad_Latn | mad_Latn
mai_Deva | mai_Deva
mak_Latn | mak_Latn
mlg_Latn | mlg_Latn
msa_Latn | msa_Latn
msa_Arab | msa_Latn
mal_Mlym | mal_Mlym
mlt_Latn | mlt_Latn
mam_Latn | mam_Latn
glv_Latn | glv_Latn
mri_Latn | mri_Latn
mar_Deva | mar_Deva
mah_Latn | mah_Latn
mwr_Deva | mwr_Deva
mfe_Latn | mfe_Latn
chm_Cyrl | chm_Cyrl
mni_Beng | mni_Mtei
min_Latn | min_Latn
lus_Latn | lus_Latn
mon_Cyrl | mon_Cyrl
mya_Mymr | mya_Mymr
nhe_Latn | nhe_Latn
ndc_Latn | ndc_Latn
nbl_Latn | nbl_Latn
new_Deva | new_Deva
nep_Deva | nep_Deva
bam_Nkoo | bam_Latn
nso_Latn | nso_Latn
nor_Latn | nor_Latn
nus_Latn | nus_Latn
oci_Latn | oci_Latn
ori_Orya | ori_Orya
orm_Latn | orm_Latn
oss_Cyrl | oss_Cyrl
pag_Latn | pag_Latn
pap_Latn | pap_Latn
pus_Arab | pus_Arab
fas_Arab | fas_Arab
pol_Latn | pol_Latn
por_Latn | por_Latn
pan_Guru | pan_Guru
pan_Arab | pan_Guru
kek_Latn | kek_Latn
que_Latn | que_Latn
rom_Latn | rom_Latn
ron_Latn | ron_Latn
run_Latn | run_Latn
rus_Cyrl | rus_Cyrl
sme_Latn | sme_Latn
smo_Latn | smo_Latn
sag_Latn | sag_Latn
san_Deva | san_Deva
gla_Latn | gla_Latn
srp_Cyrl | srp_Cyrl
sot_Latn | sot_Latn
crs_Latn | crs_Latn
shn_Mymr | shn_Mymr
sna_Latn | sna_Latn
scn_Latn | scn_Latn
szl_Latn | szl_Latn
snd_Arab | snd_Arab
sin_Sinh | sin_Sinh
slk_Latn | slk_Latn
slv_Latn | slv_Latn
som_Latn | som_Latn
spa_Latn | spa_Latn
sun_Latn | sun_Latn
sus_Latn | sus_Latn
swa_Latn | swa_Latn
ssw_Latn | ssw_Latn
swe_Latn | swe_Latn
tah_Latn | tah_Latn
tgk_Cyrl | tgk_Cyrl
ber_Latn | ber_Latn
ber_Tfng | ber_Tfng
tam_Taml | tam_Taml
tat_Cyrl | tat_Cyrl
tel_Telu | tel_Telu
tet_Latn | tet_Latn
tha_Thai | tha_Thai
bod_Tibt | bod_Tibt
tir_Ethi | tir_Ethi
tiv_Latn | tiv_Latn
tpi_Latn | tpi_Latn
ton_Latn | ton_Latn
tso_Latn | tso_Latn
tsn_Latn | tsn_Latn
tcy_Knda | tcy_Knda
tum_Latn | tum_Latn
tur_Latn | tur_Latn
tuk_Latn | tuk_Latn
tyv_Cyrl | tyv_Cyrl
aka_Latn | aka_Latn
udm_Cyrl | udm_Cyrl
ukr_Cyrl | ukr_Cyrl
urd_Arab | urd_Arab
uig_Arab | uig_Arab
uzb_Latn | uzb_Latn
ven_Latn | ven_Latn
vec_Latn | vec_Latn
vie_Latn | vie_Latn
war_Latn | war_Latn
cym_Latn | cym_Latn
wol_Latn | wol_Latn
xho_Latn | xho_Latn
sah_Cyrl | sah_Cyrl
yid_Hebr | yid_Hebr
yor_Latn | yor_Latn
yua_Latn | yua_Latn
zap_Latn | zap_Latn
zul_Latn | zul_Latn
heb_Hebr | heb_Hebr
jav_Latn | jav_Latn
