maw_Latn | maw_Latn
iws_Latn | iws_Latn
sja_Latn | sja_Latn
kyc_Latn | kyc_Latn
kgr_Latn | kgr_Latn
wob_Latn | wob_Latn
mzw_Latn | mzw_Latn
sxb_Latn | sxb_Latn
dnw_Latn | dnw_Latn
ozm_Latn | ozm_Latn
kij_Latn | kij_Latn
cmr_Latn | cmr_Latn
zpt_Latn | zpt_Latn
nin_Latn | nin_Latn
shn_Mymr | shn_Mymr
kuj_Latn | kuj_Latn
lif_Deva | lif_Deva
loq_Latn | loq_Latn
eri_Latn | eri_Latn
sig_Latn | sig_Latn
wsk_Latn | wsk_Latn
enb_Latn | enb_Latn
mca_Latn | mca_Latn
usp_Latn | usp_Latn
kyz_Latn | kyz_Latn
akb_Latn | akb_Latn
tvk_Latn | tvk_Latn
cme_Latn | cme_Latn
war_Latn | war_Latn
atg_Latn | atg_Latn
zty_Latn | zty_Latn
kpq_Latn | kpq_Latn
enq_Latn | enq_Latn
gmv_Latn | gmv_Latn
iba_Latn | iba_Latn
dww_Latn | dww_Latn
tte_Latn | tte_Latn
pma_Latn | pma_Latn
tab_Cyrl | tab_Cyrl
izr_Latn | izr_Latn
fai_Latn | fai_Latn
ndc_Latn | ndc_Latn
ell_Grek | ell_Grek
wos_Latn | wos_Latn
ewo_Latn | ewo_Latn
any_Latn | any_Latn
syl_Latn | syl_Latn
ibo_Latn | ibo_Latn
kjb_Latn | kjb_Latn
tsw_Latn | tsw_Latn
toj_Latn | toj_Latn
pmx_Latn | pmx_Latn
are_Latn | are_Latn
rej_Latn | rej_Latn
efi_Latn | efi_Latn
myu_Latn | myu_Latn
mhy_Latn | mhy_Latn
awi_Latn | awi_Latn
swk_Latn | swk_Latn
bdq_Latn | bdq_Latn
kbm_Latn | kbm_Latn
wmw_Latn | wmw_Latn
stp_Latn | stp_Latn
yal_Latn | yal_Latn
cdf_Latn | cdf_Latn
kmy_Latn | kmy_Latn
ddn_Latn | ddn_Latn
ilo_Latn | ilo_Latn
gvc_Latn | gvc_Latn
bsn_Latn | bsn_Latn
bzh_Latn | bzh_Latn
neb_Latn | neb_Latn
bwu_Latn | bwu_Latn
pbi_Latn | pbi_Latn
qup_Latn | qup_Latn
gvf_Latn | gvf_Latn
bjv_Latn | bjv_Latn
nor_Latn | nor_Latn
npy_Latn | npy_Latn
cwt_Latn | cwt_Latn
zaa_Latn | zaa_Latn
mfz_Latn | mfz_Latn
avn_Latn | avn_Latn
afr_Latn | afr_Latn
nep_Deva | nep_Deva
pbc_Latn | pbc_Latn
ojb_Cans | ojb_Cans
kmr_Cyrl | kmr_Cyrl
bkd_Latn | bkd_Latn
mai_Deva | mai_Deva
twi_Latn | twi_Latn
kal_Latn | kal_Latn
dug_Latn | dug_Latn
mfi_Latn | mfi_Latn
shi_Latn | shi_Latn
izz_Latn | izz_Latn
tsn_Latn | tsn_Latn
lhi_Latn | lhi_Latn
esu_Latn | esu_Latn
gkn_Latn | gkn_Latn
khm_Khmr | khm_Khmr
oym_Latn | oym_Latn
kpx_Latn | kpx_Latn
txq_Latn | txq_Latn
bem_Latn | bem_Latn
yad_Latn | yad_Latn
tsg_Latn | tsg_Latn
dig_Latn | dig_Latn
gvn_Latn | gvn_Latn
ain_Latn | ain_Latn
zam_Latn | zam_Latn
zar_Latn | zar_Latn
duo_Latn | duo_Latn
tuk_Latn | tuk_Latn
cnh_Latn | cnh_Latn
heh_Latn | heh_Latn
gaw_Latn | gaw_Latn
mbf_Latn | mbf_Latn
sgw_Ethi | sgw_Ethi
nnp_Latn | nnp_Latn
pmf_Latn | pmf_Latn
bav_Latn | bav_Latn
emp_Latn | emp_Latn
nou_Latn | nou_Latn
deu_Latn | deu_Latn
pon_Latn | pon_Latn
leh_Latn | leh_Latn
khs_Latn | khs_Latn
dga_Latn | dga_Latn
kff_Telu | kff_Telu
gkp_Latn | gkp_Latn
ksr_Latn | ksr_Latn
swg_Latn | swg_Latn
tgp_Latn | tgp_Latn
srq_Latn | srq_Latn
ptp_Latn | ptp_Latn
imo_Latn | imo_Latn
rav_Deva | rav_Deva
ubu_Latn | ubu_Latn
sur_Latn | sur_Latn
prf_Latn | prf_Latn
rap_Latn | rap_Latn
gng_Latn | gng_Latn
agt_Latn | agt_Latn
lee_Latn | lee_Latn
aji_Latn | aji_Latn
quy_Latn | quy_Latn
chf_Latn | chf_Latn
mti_Latn | mti_Latn
ita_Latn | ita_Latn
bvc_Latn | bvc_Latn
jic_Latn | jic_Latn
qvm_Latn | qvm_Latn
ndp_Latn | ndp_Latn
kbr_Latn | kbr_Latn
bqc_Latn | bqc_Latn
bci_Latn | bci_Latn
nfa_Latn | nfa_Latn
keo_Latn | keo_Latn
mgo_Latn | mgo_Latn
swp_Latn | swp_Latn
hla_Latn | hla_Latn
mva_Latn | mva_Latn
geb_Latn | geb_Latn
kqy_Ethi | kqy_Ethi
nri_Latn | nri_Latn
ton_Latn | ton_Latn
urd_Deva | urd_Deva
nhy_Latn | nhy_Latn
bnj_Latn | bnj_Latn
dyu_Latn | dyu_Latn
ngp_Latn | ngp_Latn
tac_Latn | tac_Latn
apu_Latn | apu_Latn
apb_Latn | apb_Latn
akp_Latn | akp_Latn
men_Latn | men_Latn
mcb_Latn | mcb_Latn
xtm_Latn | xtm_Latn
pib_Latn | pib_Latn
myk_Latn | myk_Latn
gug_Latn | gug_Latn
wim_Latn | wim_Latn
cat_Latn | cat_Latn
agu_Latn | agu_Latn
dbq_Latn | dbq_Latn
hwc_Latn | hwc_Latn
xsu_Latn | xsu_Latn
aon_Latn | aon_Latn
crk_Cans | crk_Cans
gog_Latn | gog_Latn
caq_Latn | caq_Latn
mwq_Latn | mwq_Latn
mkd_Cyrl | mkd_Cyrl
enl_Latn | enl_Latn
prk_Latn | prk_Latn
qxl_Latn | qxl_Latn
ttc_Latn | ttc_Latn
mlh_Latn | mlh_Latn
mur_Latn | mur_Latn
xpe_Latn | xpe_Latn
tfr_Latn | tfr_Latn
tos_Latn | tos_Latn
kmd_Latn | kmd_Latn
pfe_Latn | pfe_Latn
ess_Latn | ess_Latn
myw_Latn | myw_Latn
muh_Latn | muh_Latn
urk_Thai | urk_Thai
ces_Latn | ces_Latn
vut_Latn | vut_Latn
ker_Latn | ker_Latn
kmu_Latn | kmu_Latn
bkv_Latn | bkv_Latn
nza_Latn | nza_Latn
npi_Deva | npi_Deva
sda_Latn | sda_Latn
mas_Latn | mas_Latn
ncq_Laoo | ncq_Laoo
khy_Latn | khy_Latn
sxn_Latn | sxn_Latn
szb_Latn | szb_Latn
mtj_Latn | mtj_Latn
anv_Latn | anv_Latn
uzb_Latn | uzb_Latn
aeu_Latn | aeu_Latn
pss_Latn | pss_Latn
mfq_Latn | mfq_Latn
ian_Latn | ian_Latn
yle_Latn | yle_Latn
uvl_Latn | uvl_Latn
usa_Latn | usa_Latn
hmr_Latn | hmr_Latn
tul_Latn | tul_Latn
cly_Latn | cly_Latn
nbl_Latn | nbl_Latn
kus_Latn | kus_Latn
mbs_Latn | mbs_Latn
nan_Latn | nan_Latn
qxn_Latn | qxn_Latn
guo_Latn | guo_Latn
kik_Latn | kik_Latn
cab_Latn | cab_Latn
wba_Latn | wba_Latn
yan_Latn | yan_Latn
che_Cyrl | che_Cyrl
ksc_Latn | ksc_Latn
trn_Latn | trn_Latn
did_Latn | did_Latn
mmx_Latn | mmx_Latn
mhi_Latn | mhi_Latn
cou_Latn | cou_Latn
biu_Latn | biu_Latn
ojs_Cans | ojs_Cans
ybb_Latn | ybb_Latn
tee_Latn | tee_Latn
tna_Latn | tna_Latn
guc_Latn | guc_Latn
nhx_Latn | nhx_Latn
fil_Latn | fil_Latn
sdq_Latn | sdq_Latn
nsa_Latn | nsa_Latn
tzj_Latn | tzj_Latn
mbl_Latn | mbl_Latn
kbc_Latn | kbc_Latn
byr_Latn | byr_Latn
bhz_Latn | bhz_Latn
ndi_Latn | ndi_Latn
nod_Thai | nod_Thai
esk_Latn | esk_Latn
bus_Latn | bus_Latn
som_Latn | som_Latn
ori_Orya | ori_Orya
sot_Latn | sot_Latn
kaq_Latn | kaq_Latn
fuv_Latn | fuv_Latn
cpb_Latn | cpb_Latn
etu_Latn | etu_Latn
gun_Latn | gun_Latn
zos_Latn | zos_Latn
kbq_Latn | kbq_Latn
nav_Latn | nav_Latn
ken_Latn | ken_Latn
nnq_Latn | nnq_Latn
tum_Latn | tum_Latn
tem_Latn | tem_Latn
agn_Latn | agn_Latn
cut_Latn | cut_Latn
nmo_Latn | nmo_Latn
hak_Latn | hak_Latn
mri_Latn | mri_Latn
fub_Latn | fub_Latn
jvn_Latn | jvn_Latn
eng_Latn | eng_Latn
mdy_Ethi | mdy_Ethi
viv_Latn | viv_Latn
csy_Latn | csy_Latn
wwa_Latn | wwa_Latn
bgs_Latn | bgs_Latn
wer_Latn | wer_Latn
hra_Latn | hra_Latn
pse_Latn | pse_Latn
bmv_Latn | bmv_Latn
aoj_Latn | aoj_Latn
nob_Latn | nob_Latn
yon_Latn | yon_Latn
cni_Latn | cni_Latn
cak_Latn | cak_Latn
sbd_Latn | sbd_Latn
quf_Latn | quf_Latn
hif_Latn | hif_Latn
khz_Latn | khz_Latn
chq_Latn | chq_Latn
kog_Latn | kog_Latn
nak_Latn | nak_Latn
cjv_Latn | cjv_Latn
heg_Latn | heg_Latn
aau_Latn | aau_Latn
ebk_Latn | ebk_Latn
fuq_Latn | fuq_Latn
anm_Latn | anm_Latn
zul_Latn | zul_Latn
ong_Latn | ong_Latn
bwq_Latn | bwq_Latn
nvm_Latn | nvm_Latn
ipi_Latn | ipi_Latn
dje_Latn | dje_Latn
crl_Cans | crl_Cans
smt_Latn | smt_Latn
mak_Latn | mak_Latn
sim_Latn | sim_Latn
sat_Latn | sat_Latn
xnn_Latn | xnn_Latn
srm_Latn | srm_Latn
oss_Cyrl | oss_Cyrl
lom_Latn | lom_Latn
dgc_Latn | dgc_Latn
tar_Latn | tar_Latn
zaw_Latn | zaw_Latn
apz_Latn | apz_Latn
tim_Latn | tim_Latn
mzm_Latn | mzm_Latn
bch_Latn | bch_Latn
bbk_Latn | bbk_Latn
dan_Latn | dan_Latn
pis_Latn | pis_Latn
lao_Laoo | lao_Laoo
nim_Latn | nim_Latn
nca_Latn | nca_Latn
kup_Latn | kup_Latn
ory_Orya | ory_Orya
tam_Taml | tam_Taml
jae_Latn | jae_Latn
wap_Latn | wap_Latn
mkl_Latn | mkl_Latn
buk_Latn | buk_Latn
crh_Cyrl | crh_Cyrl
tnp_Latn | tnp_Latn
gub_Latn | gub_Latn
cnt_Latn | cnt_Latn
fon_Latn | fon_Latn
fin_Latn | fin_Latn
tnk_Latn | tnk_Latn
mvp_Latn | mvp_Latn
nhe_Latn | nhe_Latn
msk_Latn | msk_Latn
ajz_Latn | ajz_Latn
upv_Latn | upv_Latn
nlc_Latn | nlc_Latn
bzi_Thai | bzi_Thai
xho_Latn | xho_Latn
aii_Syrc | aii_Syrc
gnd_Latn | gnd_Latn
tur_Latn | tur_Latn
ttq_Latn | ttq_Latn
zav_Latn | zav_Latn
nab_Latn | nab_Latn
bbj_Latn | bbj_Latn
gah_Latn | gah_Latn
naq_Latn | naq_Latn
azg_Latn | azg_Latn
dyo_Latn | dyo_Latn
nhu_Latn | nhu_Latn
log_Latn | log_Latn
mop_Latn | mop_Latn
qug_Latn | qug_Latn
bul_Cyrl | bul_Cyrl
crs_Latn | crs_Latn
vap_Latn | vap_Latn
due_Latn | due_Latn
tzh_Latn | tzh_Latn
taw_Latn | taw_Latn
aim_Latn | aim_Latn
ctp_Latn | ctp_Latn
bvz_Latn | bvz_Latn
kss_Latn | kss_Latn
pos_Latn | pos_Latn
cjo_Latn | cjo_Latn
klv_Latn | klv_Latn
apn_Latn | apn_Latn
cce_Latn | cce_Latn
seh_Latn | seh_Latn
beq_Latn | beq_Latn
yaz_Latn | yaz_Latn
swh_Latn | swh_Latn
ind_Latn | ind_Latn
snw_Latn | snw_Latn
chk_Latn | chk_Latn
cor_Latn | cor_Latn
mif_Latn | mif_Latn
gbo_Latn | gbo_Latn
als_Latn | als_Latn
kub_Latn | kub_Latn
auy_Latn | auy_Latn
gud_Latn | gud_Latn
mlp_Latn | mlp_Latn
omw_Latn | omw_Latn
snf_Latn | snf_Latn
lcp_Thai | lcp_Thai
dnj_Latn | dnj_Latn
tuo_Latn | tuo_Latn
dob_Latn | dob_Latn
dad_Latn | dad_Latn
txu_Latn | txu_Latn
agw_Latn | agw_Latn
bqj_Latn | bqj_Latn
omb_Latn | omb_Latn
car_Latn | car_Latn
soy_Latn | soy_Latn
saj_Latn | saj_Latn
yao_Latn | yao_Latn
qvw_Latn | qvw_Latn
tuf_Latn | tuf_Latn
mcu_Latn | mcu_Latn
raw_Latn | raw_Latn
dzo_Tibt | dzo_Tibt
tbl_Latn | tbl_Latn
kgf_Latn | kgf_Latn
nyn_Latn | nyn_Latn
sbl_Latn | sbl_Latn
alq_Latn | alq_Latn
zae_Latn | zae_Latn
npl_Latn | npl_Latn
var_Latn | var_Latn
trp_Latn | trp_Latn
ncj_Latn | ncj_Latn
mau_Latn | mau_Latn
mgh_Latn | mgh_Latn
hig_Latn | hig_Latn
kmm_Latn | kmm_Latn
pne_Latn | pne_Latn
dyi_Latn | dyi_Latn
mps_Latn | mps_Latn
bxr_Cyrl | bxr_Cyrl
acn_Latn | acn_Latn
mcp_Latn | mcp_Latn
jmc_Latn | jmc_Latn
bhl_Latn | bhl_Latn
nop_Latn | nop_Latn
lnd_Latn | lnd_Latn
mua_Latn | mua_Latn
mna_Latn | mna_Latn
cle_Latn | cle_Latn
cnl_Latn | cnl_Latn
met_Latn | met_Latn
apr_Latn | apr_Latn
tcc_Latn | tcc_Latn
mor_Latn | mor_Latn
gya_Latn | gya_Latn
cuc_Latn | cuc_Latn
vag_Latn | vag_Latn
yli_Latn | yli_Latn
ewe_Latn | ewe_Latn
muy_Latn | muy_Latn
suk_Latn | suk_Latn
bvd_Latn | bvd_Latn
ade_Latn | ade_Latn
caf_Latn | caf_Latn
blz_Latn | blz_Latn
arz_Arab | arz_Arab
guw_Latn | guw_Latn
xon_Latn | xon_Latn
gom_Latn | gom_Latn
yua_Latn | yua_Latn
loe_Latn | loe_Latn
rmy_Latn | rmy_Latn
mfy_Latn | mfy_Latn
thl_Deva | thl_Deva
mwm_Latn | mwm_Latn
mgr_Latn | mgr_Latn
bar_Latn | bar_Latn
gur_Latn | gur_Latn
bgr_Latn | bgr_Latn
kwd_Latn | kwd_Latn
cym_Latn | cym_Latn
nko_Latn | nko_Latn
sqi_Latn | sqi_Latn
kua_Latn | kua_Latn
ssg_Latn | ssg_Latn
srp_Latn | srp_Latn
kxm_Thai | kxm_Thai
row_Latn | row_Latn
aai_Latn | aai_Latn
chv_Cyrl | chv_Cyrl
taq_Latn | taq_Latn
miq_Latn | miq_Latn
tmc_Latn | tmc_Latn
tnr_Latn | tnr_Latn
bcl_Latn | bcl_Latn
mic_Latn | mic_Latn
wca_Latn | wca_Latn
pam_Latn | pam_Latn
wbp_Latn | wbp_Latn
cbt_Latn | cbt_Latn
dop_Latn | dop_Latn
njo_Latn | njo_Latn
tha_Thai | tha_Thai
obo_Latn | obo_Latn
mav_Latn | mav_Latn
hnj_Latn | hnj_Latn
gul_Latn | gul_Latn
gej_Latn | gej_Latn
mks_Latn | mks_Latn
hub_Latn | hub_Latn
rro_Latn | rro_Latn
gdr_Latn | gdr_Latn
mbb_Latn | mbb_Latn
grt_Beng | grt_Beng
nyo_Latn | nyo_Latn
rel_Latn | rel_Latn
mux_Latn | mux_Latn
cof_Latn | cof_Latn
lob_Latn | lob_Latn
luc_Latn | luc_Latn
ben_Beng | ben_Beng
mnf_Latn | mnf_Latn
nbc_Latn | nbc_Latn
rmc_Latn | rmc_Latn
nng_Latn | nng_Latn
dln_Latn | dln_Latn
nbe_Latn | nbe_Latn
mhr_Cyrl | mhr_Cyrl
gqr_Latn | gqr_Latn
adi_Latn | adi_Latn
lln_Latn | lln_Latn
boj_Latn | boj_Latn
bnp_Latn | bnp_Latn
cot_Latn | cot_Latn
tih_Latn | tih_Latn
hil_Latn | hil_Latn
niy_Latn | niy_Latn
bao_Latn | bao_Latn
bzj_Latn | bzj_Latn
meu_Latn | meu_Latn
ons_Latn | ons_Latn
ron_Latn | ron_Latn
ium_Latn | ium_Latn
jbu_Latn | jbu_Latn
bel_Cyrl | bel_Cyrl
tap_Latn | tap_Latn
gnb_Latn | gnb_Latn
cwe_Latn | cwe_Latn
gla_Latn | gla_Latn
bmh_Latn | bmh_Latn
ban_Latn | ban_Latn
avu_Latn | avu_Latn
niq_Latn | niq_Latn
zsr_Latn | zsr_Latn
msb_Latn | msb_Latn
rwo_Latn | rwo_Latn
mzk_Latn | mzk_Latn
bcw_Latn | bcw_Latn
plg_Latn | plg_Latn
qvs_Latn | qvs_Latn
kek_Latn | kek_Latn
acu_Latn | acu_Latn
tob_Latn | tob_Latn
nnb_Latn | nnb_Latn
cbv_Latn | cbv_Latn
ace_Latn | ace_Latn
mpm_Latn | mpm_Latn
azb_Arab | azb_Arab
hae_Latn | hae_Latn
mbt_Latn | mbt_Latn
tuc_Latn | tuc_Latn
cek_Latn | cek_Latn
lis_Lisu | lis_Lisu
otd_Latn | otd_Latn
thk_Latn | thk_Latn
biv_Latn | biv_Latn
far_Latn | far_Latn
arb_Arab | arb_Arab
apy_Latn | apy_Latn
not_Latn | not_Latn
ntp_Latn | ntp_Latn
rjs_Deva | rjs_Deva
ikw_Latn | ikw_Latn
crm_Cans | crm_Cans
njb_Latn | njb_Latn
kjs_Latn | kjs_Latn
kwi_Latn | kwi_Latn
crt_Latn | crt_Latn
kbh_Latn | kbh_Latn
ksd_Latn | ksd_Latn
aah_Latn | aah_Latn
zac_Latn | zac_Latn
cpy_Latn | cpy_Latn
yue_Hani | yue_Hani
ify_Latn | ify_Latn
yom_Latn | yom_Latn
chu_Cyrl | chu_Cyrl
lww_Latn | lww_Latn
mvn_Latn | mvn_Latn
med_Latn | med_Latn
ppo_Latn | ppo_Latn
spl_Latn | spl_Latn
maq_Latn | maq_Latn
kle_Deva | kle_Deva
cmn_Hani | cmn_Hans
azz_Latn | azz_Latn
cul_Latn | cul_Latn
por_Latn | por_Latn
too_Latn | too_Latn
prs_Arab | prs_Arab
tue_Latn | tue_Latn
des_Latn | des_Latn
mnb_Latn | mnb_Latn
bbo_Latn | bbo_Latn
atq_Latn | atq_Latn
hne_Deva | hne_Deva
zpv_Latn | zpv_Latn
nst_Latn | nst_Latn
nph_Latn | nph_Latn
cpa_Latn | cpa_Latn
zia_Latn | zia_Latn
snn_Latn | snn_Latn
tpt_Latn | tpt_Latn
wbm_Latn | wbm_Latn
zpc_Latn | zpc_Latn
ccp_Latn | ccp_Latn
jun_Orya | jun_Orya
plu_Latn | plu_Latn
guz_Latn | guz_Latn
alj_Latn | alj_Latn
ktj_Latn | ktj_Latn
abx_Latn | abx_Latn
ura_Latn | ura_Latn
pck_Latn | pck_Latn
iqw_Latn | iqw_Latn
pao_Latn | pao_Latn
trs_Latn | trs_Latn
yuw_Latn | yuw_Latn
ndj_Latn | ndj_Latn
guq_Latn | guq_Latn
pjt_Latn | pjt_Latn
iou_Latn | iou_Latn
ayp_Arab | ayp_Arab
law_Latn | law_Latn
gbr_Latn | gbr_Latn
kha_Latn | kha_Latn
mya_Mymr | mya_Mymr
agr_Latn | agr_Latn
myx_Latn | myx_Latn
adj_Latn | adj_Latn
ukr_Cyrl | ukr_Cyrl
lcm_Latn | lcm_Latn
ssx_Latn | ssx_Latn
ndz_Latn | ndz_Latn
chz_Latn | chz_Latn
att_Latn | att_Latn
ntu_Latn | ntu_Latn
arn_Latn | arn_Latn
aey_Latn | aey_Latn
toh_Latn | toh_Latn
ztq_Latn | ztq_Latn
kew_Latn | kew_Latn
bgz_Latn | bgz_Latn
spa_Latn | spa_Latn
nwi_Latn | nwi_Latn
ubr_Latn | ubr_Latn
cco_Latn | cco_Latn
zyb_Latn | zyb_Latn
zom_Latn | zom_Latn
suc_Latn | suc_Latn
stn_Latn | stn_Latn
kzf_Latn | kzf_Latn
ivb_Latn | ivb_Latn
mee_Latn | mee_Latn
aom_Latn | aom_Latn
amu_Latn | amu_Latn
ndy_Latn | ndy_Latn
kyf_Latn | kyf_Latn
hch_Latn | hch_Latn
byx_Latn | byx_Latn
khk_Latn | khk_Latn
acr_Latn | acr_Latn
kjh_Cyrl | kjh_Cyrl
teo_Latn | teo_Latn
pah_Latn | pah_Latn
pab_Latn | pab_Latn
gbi_Latn | gbi_Latn
mzh_Latn | mzh_Latn
awa_Deva | awa_Deva
mog_Latn | mog_Latn
kpf_Latn | kpf_Latn
nkf_Latn | nkf_Latn
adl_Latn | adl_Latn
toi_Latn | toi_Latn
kno_Latn | kno_Latn
amm_Latn | amm_Latn
jac_Latn | jac_Latn
luo_Latn | luo_Latn
nch_Latn | nch_Latn
tir_Ethi | tir_Ethi
dwr_Latn | dwr_Latn
ltz_Latn | ltz_Latn
noa_Latn | noa_Latn
zao_Latn | zao_Latn
inb_Latn | inb_Latn
shk_Latn | shk_Latn
spy_Latn | spy_Latn
dru_Latn | dru_Latn
hix_Latn | hix_Latn
qub_Latn | qub_Latn
lip_Latn | lip_Latn
kud_Latn | kud_Latn
alp_Latn | alp_Latn
wnu_Latn | wnu_Latn
maz_Latn | maz_Latn
zpl_Latn | zpl_Latn
ldi_Latn | ldi_Latn
kyu_Mymr | kyu_Mymr
dip_Latn | dip_Latn
ikk_Latn | ikk_Latn
xav_Latn | xav_Latn
cso_Latn | cso_Latn
mej_Latn | mej_Latn
lat_Latn | lat_Latn
kde_Latn | kde_Latn
nyf_Latn | nyf_Latn
mpg_Latn | mpg_Latn
gag_Latn | gag_Latn
bug_Latn | bug_Latn
twu_Latn | twu_Latn
tzo_Latn | tzo_Latn
hrv_Latn | hrv_Latn
ese_Latn | ese_Latn
pbl_Latn | pbl_Latn
hay_Latn | hay_Latn
ckb_Arab | ckb_Arab
mtg_Latn | mtg_Latn
apw_Latn | apw_Latn
hau_Latn | hau_Latn
gdg_Latn | gdg_Latn
tro_Latn | tro_Latn
nya_Latn | nya_Latn
nmf_Latn | nmf_Latn
enm_Latn | enm_Latn
gai_Latn | gai_Latn
qvi_Latn | qvi_Latn
bmu_Latn | bmu_Latn
nsn_Latn | nsn_Latn
gnw_Latn | gnw_Latn
bmr_Latn | bmr_Latn
suz_Deva | suz_Deva
ria_Latn | ria_Latn
snd_Arab | snd_Arab
ksw_Mymr | ksw_Mymr
boa_Latn | boa_Latn
nnh_Latn | nnh_Latn
tnn_Latn | tnn_Latn
gil_Latn | gil_Latn
mse_Latn | mse_Latn
lav_Latn | lav_Latn
fuf_Latn | fuf_Latn
chr_Latn | chr_Latn
qwh_Latn | qwh_Latn
sme_Latn | sme_Latn
lhm_Latn | lhm_Latn
otm_Latn | otm_Latn
mip_Latn | mip_Latn
esi_Latn | esi_Latn
mbh_Latn | mbh_Latn
rim_Latn | rim_Latn
pri_Latn | pri_Latn
mxq_Latn | mxq_Latn
ruf_Latn | ruf_Latn
crj_Latn | crj_Latn
aak_Latn | aak_Latn
gof_Ethi | gof_Ethi
tbk_Latn | tbk_Latn
jaa_Latn | jaa_Latn
kbo_Latn | kbo_Latn
kyg_Latn | kyg_Latn
jiv_Latn | jiv_Latn
fuh_Latn | fuh_Latn
nld_Latn | nld_Latn
asm_Beng | asm_Beng
dis_Latn | dis_Latn
nwx_Deva | nwx_Deva
pap_Latn | pap_Latn
bhw_Latn | bhw_Latn
rub_Latn | rub_Latn
qvn_Latn | qvn_Latn
qve_Latn | qve_Latn
yuz_Latn | yuz_Latn
nuj_Latn | nuj_Latn
hat_Latn | hat_Latn
cta_Latn | cta_Latn
daa_Latn | daa_Latn
uth_Latn | uth_Latn
ghe_Deva | ghe_Deva
cbu_Latn | cbu_Latn
chd_Latn | chd_Latn
sgb_Latn | sgb_Latn
kmh_Latn | kmh_Latn
ncl_Latn | ncl_Latn
gum_Latn | gum_Latn
atd_Latn | atd_Latn
shu_Latn | shu_Latn
mjc_Latn | mjc_Latn
mzl_Latn | mzl_Latn
mhl_Latn | mhl_Latn
knf_Latn | knf_Latn
ood_Latn | ood_Latn
bim_Latn | bim_Latn
tlh_Latn | tlh_Latn
yrb_Latn | yrb_Latn
ncu_Latn | ncu_Latn
est_Latn | est_Latn
mqy_Latn | mqy_Latn
nog_Cyrl | nog_Cyrl
mcq_Latn | mcq_Latn
auc_Latn | auc_Latn
haw_Latn | haw_Latn
nho_Latn | nho_Latn
yss_Latn | yss_Latn
yut_Latn | yut_Latn
kir_Cyrl | kir_Cyrl
slk_Latn | slk_Latn
tdt_Latn | tdt_Latn
ffm_Latn | ffm_Latn
sil_Latn | sil_Latn
eus_Latn | eus_Latn
ssw_Latn | ssw_Latn
zyp_Latn | zyp_Latn
cok_Latn | cok_Latn
bdd_Latn | bdd_Latn
kaa_Latn | kaa_Latn
kdp_Latn | kdp_Latn
pol_Latn | pol_Latn
gux_Latn | gux_Latn
rug_Latn | rug_Latn
vid_Latn | vid_Latn
pau_Latn | pau_Latn
hus_Latn | hus_Latn
pls_Latn | pls_Latn
kdl_Latn | kdl_Latn
cub_Latn | cub_Latn
sey_Latn | sey_Latn
top_Latn | top_Latn
qul_Latn | qul_Latn
ivv_Latn | ivv_Latn
pio_Latn | pio_Latn
acd_Latn | acd_Latn
nwb_Latn | nwb_Latn
ktu_Latn | ktu_Latn
ktb_Ethi | ktb_Ethi
rus_Cyrl | rus_Cyrl
ata_Latn | ata_Latn
nse_Latn | nse_Latn
kao_Latn | kao_Latn
djr_Latn | djr_Latn
kxc_Ethi | kxc_Ethi
way_Latn | way_Latn
lac_Latn | lac_Latn
cbr_Latn | cbr_Latn
whk_Latn | whk_Latn
huv_Latn | huv_Latn
amf_Latn | amf_Latn
csk_Latn | csk_Latn
cav_Latn | cav_Latn
ses_Latn | ses_Latn
bru_Latn | bru_Latn
roo_Latn | roo_Latn
pbb_Latn | pbb_Latn
ljp_Latn | ljp_Latn
bak_Cyrl | bak_Cyrl
avt_Latn | avt_Latn
gwi_Latn | gwi_Latn
mnk_Latn | mnk_Latn
bsc_Latn | bsc_Latn
con_Latn | con_Latn
mfh_Latn | mfh_Latn
mmn_Latn | mmn_Latn
aeb_Arab | aeb_Arab
qvz_Latn | qvz_Latn
pad_Latn | pad_Latn
nhg_Latn | nhg_Latn
amh_Latn | amh_Latn
kki_Latn | kki_Latn
cya_Latn | cya_Latn
kia_Latn | kia_Latn
ilb_Latn | ilb_Latn
kpv_Cyrl | kpv_Cyrl
mda_Latn | mda_Latn
itv_Latn | itv_Latn
kgp_Latn | kgp_Latn
gvl_Latn | gvl_Latn
okv_Latn | okv_Latn
bam_Latn | bam_Latn
sny_Latn | sny_Latn
xrb_Latn | xrb_Latn
srn_Latn | srn_Latn
glv_Latn | glv_Latn
ixl_Latn | ixl_Latn
cmo_Latn | cmo_Latn
xal_Cyrl | xal_Cyrl
tel_Telu | tel_Telu
asg_Latn | asg_Latn
bfo_Latn | bfo_Latn
pan_Guru | pan_Guru
qvo_Latn | qvo_Latn
ape_Latn | ape_Latn
alz_Latn | alz_Latn
pez_Latn | pez_Latn
ayr_Latn | ayr_Latn
nzi_Latn | nzi_Latn
aoz_Latn | aoz_Latn
heb_Hebr | heb_Hebr
tku_Latn | tku_Latn
tqo_Latn | tqo_Latn
nno_Latn | nno_Latn
msm_Latn | msm_Latn
tbg_Latn | tbg_Latn
tca_Latn | tca_Latn
nde_Latn | nde_Latn
ifu_Latn | ifu_Latn
ann_Latn | ann_Latn
khq_Latn | khq_Latn
nii_Latn | nii_Latn
swe_Latn | swe_Latn
jam_Latn | jam_Latn
sps_Latn | sps_Latn
poi_Latn | poi_Latn
sag_Latn | sag_Latn
bps_Latn | bps_Latn
cag_Latn | cag_Latn
syb_Latn | syb_Latn
run_Latn | run_Latn
btd_Latn | btd_Latn
kcg_Latn | kcg_Latn
lsi_Latn | lsi_Latn
lia_Latn | lia_Latn
krl_Latn | krl_Latn
xbr_Latn | xbr_Latn
bmq_Latn | bmq_Latn
cfm_Latn | cfm_Latn
ury_Latn | ury_Latn
kyq_Latn | kyq_Latn
bvr_Latn | bvr_Latn
poe_Latn | poe_Latn
akh_Latn | akh_Latn
ifa_Latn | ifa_Latn
nds_Latn | nds_Latn
guh_Latn | guh_Latn
msa_Latn | msa_Latn
njz_Latn | njz_Latn
san_Taml | san_Taml
wuv_Latn | wuv_Latn
pua_Latn | pua_Latn
blt_Latn | blt_Latn
gna_Latn | gna_Latn
nmz_Latn | nmz_Latn
mbi_Latn | mbi_Latn
for_Latn | for_Latn
bjr_Latn | bjr_Latn
mig_Latn | mig_Latn
mck_Latn | mck_Latn
fue_Latn | fue_Latn
kne_Latn | kne_Latn
kck_Latn | kck_Latn
nbu_Latn | nbu_Latn
bgt_Latn | bgt_Latn
gor_Latn | gor_Latn
quz_Latn | quz_Latn
leu_Latn | leu_Latn
tav_Latn | tav_Latn
kmk_Latn | kmk_Latn
kln_Latn | kln_Latn
mie_Latn | mie_Latn
tke_Latn | tke_Latn
tbz_Latn | tbz_Latn
myv_Cyrl | myv_Cyrl
ots_Latn | ots_Latn
nso_Latn | nso_Latn
nki_Latn | nki_Latn
dtp_Latn | dtp_Latn
yaa_Latn | yaa_Latn
xuo_Latn | xuo_Latn
poy_Latn | poy_Latn
pwg_Latn | pwg_Latn
nzm_Latn | nzm_Latn
zoc_Latn | zoc_Latn
aby_Latn | aby_Latn
mlt_Latn | mlt_Latn
kor_Hang | kor_Hang
myy_Latn | myy_Latn
kng_Latn | kng_Latn
guk_Ethi | guk_Ethi
sck_Deva | sck_Deva
syc_Syrc | syc_Syrc
kqp_Latn | kqp_Latn
hun_Latn | hun_Latn
yor_Latn | yor_Latn
kab_Latn | kab_Latn
mwv_Latn | mwv_Latn
lol_Latn | lol_Latn
kvg_Latn | kvg_Latn
dah_Latn | dah_Latn
kdi_Latn | kdi_Latn
coe_Latn | coe_Latn
ded_Latn | ded_Latn
qvh_Latn | qvh_Latn
vun_Latn | vun_Latn
sin_Sinh | sin_Sinh
lwo_Latn | lwo_Latn
sue_Latn | sue_Latn
mek_Latn | mek_Latn
cax_Latn | cax_Latn
lgl_Latn | lgl_Latn
fra_Latn | fra_Latn
bqp_Latn | bqp_Latn
bib_Latn | bib_Latn
lug_Latn | lug_Latn
lzh_Hani | lzh_Hant
box_Latn | box_Latn
ald_Latn | ald_Latn
abi_Latn | abi_Latn
mag_Deva | mag_Deva
ctd_Latn | ctd_Latn
mah_Latn | mah_Latn
hlt_Latn | hlt_Latn
kje_Latn | kje_Latn
zat_Latn | zat_Latn
lmp_Latn | lmp_Latn
ceg_Latn | ceg_Latn
isd_Latn | isd_Latn
nyy_Latn | nyy_Latn
hnn_Latn | hnn_Latn
ppk_Latn | ppk_Latn
uzn_Cyrl | uzn_Cyrl
icr_Latn | icr_Latn
lgg_Latn | lgg_Latn
nmh_Latn | nmh_Latn
zab_Latn | zab_Latn
ava_Cyrl | ava_Cyrl
bfd_Latn | bfd_Latn
zpm_Latn | zpm_Latn
xsi_Latn | xsi_Latn
naw_Latn | naw_Latn
crx_Latn | crx_Latn
zho_Hani | zho_Hani
sgz_Latn | sgz_Latn
fas_Arab | fas_Arab
alt_Cyrl | alt_Cyrl
zas_Latn | zas_Latn
zpi_Latn | zpi_Latn
ghs_Latn | ghs_Latn
hmo_Latn | hmo_Latn
tpm_Latn | tpm_Latn
faa_Latn | faa_Latn
tpz_Latn | tpz_Latn
ycn_Latn | ycn_Latn
dgi_Latn | dgi_Latn
hop_Latn | hop_Latn
pir_Latn | pir_Latn
gle_Latn | gle_Latn
aer_Latn | aer_Latn
ake_Latn | ake_Latn
tlb_Latn | tlb_Latn
agm_Latn | agm_Latn
wsg_Telu | wsg_Telu
cac_Latn | cac_Latn
gam_Latn | gam_Latn
hag_Latn | hag_Latn
fal_Latn | fal_Latn
nxd_Latn | nxd_Latn
bon_Latn | bon_Latn
gde_Latn | gde_Latn
tqb_Latn | tqb_Latn
poh_Latn | poh_Latn
blw_Latn | blw_Latn
cbc_Latn | cbc_Latn
wiu_Latn | wiu_Latn
bom_Latn | bom_Latn
mkn_Latn | mkn_Latn
njn_Latn | njn_Latn
jav_Latn | jav_Latn
kin_Latn | kin_Latn
cuk_Latn | cuk_Latn
wnc_Latn | wnc_Latn
eka_Latn | eka_Latn
bdh_Latn | bdh_Latn
bss_Latn | bss_Latn
kdj_Latn | kdj_Latn
nhr_Latn | nhr_Latn
ptu_Latn | ptu_Latn
mcn_Latn | mcn_Latn
dur_Latn | dur_Latn
amn_Latn | amn_Latn
adh_Latn | adh_Latn
pdc_Latn | pdc_Latn
epo_Latn | epo_Latn
mih_Latn | mih_Latn
cap_Latn | cap_Latn
tbw_Latn | tbw_Latn
maf_Latn | maf_Latn
ike_Cans | ike_Cans
pny_Latn | pny_Latn
yam_Latn | yam_Latn
ayo_Latn | ayo_Latn
kwj_Latn | kwj_Latn
sua_Latn | sua_Latn
agd_Latn | agd_Latn
mos_Latn | mos_Latn
awb_Latn | awb_Latn
amr_Latn | amr_Latn
tet_Latn | tet_Latn
bex_Latn | bex_Latn
amp_Latn | amp_Latn
gid_Latn | gid_Latn
yby_Latn | yby_Latn
sld_Latn | sld_Latn
kac_Latn | kac_Latn
nfr_Latn | nfr_Latn
ifb_Latn | ifb_Latn
tpp_Latn | tpp_Latn
kqe_Latn | kqe_Latn
kum_Cyrl | kum_Cyrl
rop_Latn | rop_Latn
nct_Latn | nct_Latn
mit_Latn | mit_Latn
hns_Latn | hns_Latn
vie_Latn | vie_Latn
krj_Latn | krj_Latn
min_Latn | min_Latn
mnh_Latn | mnh_Latn
abt_Latn | abt_Latn
ach_Latn | ach_Latn
bpr_Latn | bpr_Latn
kpj_Latn | kpj_Latn
mww_Latn | mww_Latn
spp_Latn | spp_Latn
kze_Latn | kze_Latn
bud_Latn | bud_Latn
pui_Latn | pui_Latn
crq_Latn | crq_Latn
bkq_Latn | bkq_Latn
sna_Latn | sna_Latn
dtb_Latn | dtb_Latn
qva_Latn | qva_Latn
kaz_Cyrl | kaz_Cyrl
njm_Latn | njm_Latn
aze_Latn | aze_Latn
slv_Latn | slv_Latn
knj_Latn | knj_Latn
mcf_Latn | mcf_Latn
arl_Latn | arl_Latn
nij_Latn | nij_Latn
bre_Latn | bre_Latn
bum_Latn | bum_Latn
xtd_Latn | xtd_Latn
nma_Latn | nma_Latn
hot_Latn | hot_Latn
sab_Latn | sab_Latn
msy_Latn | msy_Latn
maj_Latn | maj_Latn
gnn_Latn | gnn_Latn
zpz_Latn | zpz_Latn
kru_Deva | kru_Deva
amk_Latn | amk_Latn
lsm_Latn | lsm_Latn
irk_Latn | irk_Latn
sri_Latn | sri_Latn
zca_Latn | zca_Latn
lex_Latn | lex_Latn
yuj_Latn | yuj_Latn
bbr_Latn | bbr_Latn
mbc_Latn | mbc_Latn
kxw_Latn | kxw_Latn
mbd_Latn | mbd_Latn
xsr_Deva | xsr_Deva
rnl_Latn | rnl_Latn
rkb_Latn | rkb_Latn
waj_Latn | waj_Latn
quw_Latn | quw_Latn
tik_Latn | tik_Latn
cnk_Latn | cnk_Latn
cui_Latn | cui_Latn
dow_Latn | dow_Latn
tbc_Latn | tbc_Latn
btt_Latn | btt_Latn
tcs_Latn | tcs_Latn
ntr_Latn | ntr_Latn
ven_Latn | ven_Latn
mrw_Latn | mrw_Latn
bbb_Latn | bbb_Latn
gfk_Latn | gfk_Latn
sba_Latn | sba_Latn
hto_Latn | hto_Latn
zad_Latn | zad_Latn
ame_Latn | ame_Latn
qvc_Latn | qvc_Latn
dik_Latn | dik_Latn
yre_Latn | yre_Latn
aln_Latn | aln_Latn
tbo_Latn | tbo_Latn
lin_Latn | lin_Latn
nnl_Latn | nnl_Latn
trc_Latn | trc_Latn
pww_Thai | pww_Thai
mox_Latn | mox_Latn
udu_Latn | udu_Latn
cbs_Latn | cbs_Latn
kdc_Latn | kdc_Latn
yim_Latn | yim_Latn
bba_Latn | bba_Latn
gui_Latn | gui_Latn
dsh_Latn | dsh_Latn
trq_Latn | trq_Latn
emi_Latn | emi_Latn
tyv_Cyrl | tyv_Cyrl
blh_Latn | blh_Latn
ceb_Latn | ceb_Latn
ifk_Latn | ifk_Latn
zpu_Latn | zpu_Latn
hvn_Latn | hvn_Latn
lef_Latn | lef_Latn
nlg_Latn | nlg_Latn
yap_Latn | yap_Latn
rad_Latn | rad_Latn
mfk_Latn | mfk_Latn
knk_Latn | knk_Latn
kkj_Latn | kkj_Latn
iri_Latn | iri_Latn
isl_Latn | isl_Latn
knv_Latn | knv_Latn
qxo_Latn | qxo_Latn
bth_Latn | bth_Latn
ign_Latn | ign_Latn
quc_Latn | quc_Latn
lbk_Latn | lbk_Latn
rgu_Latn | rgu_Latn
xsm_Latn | xsm_Latn
iry_Latn | iry_Latn
mxv_Latn | mxv_Latn
mco_Latn | mco_Latn
kqs_Latn | kqs_Latn
urt_Latn | urt_Latn
sml_Latn | sml_Latn
nhw_Latn | nhw_Latn
bkl_Latn | bkl_Latn
fry_Latn | fry_Latn
snc_Latn | snc_Latn
uvh_Latn | uvh_Latn
xed_Latn | xed_Latn
otn_Latn | otn_Latn
bku_Latn | bku_Latn
pdt_Latn | pdt_Latn
laj_Latn | laj_Latn
kqo_Latn | kqo_Latn
kpr_Latn | kpr_Latn
kgk_Latn | kgk_Latn
mbj_Latn | mbj_Latn
dos_Latn | dos_Latn
aia_Latn | aia_Latn
clu_Latn | clu_Latn
aka_Latn | aka_Latn
kms_Latn | kms_Latn
toc_Latn | toc_Latn
bzd_Latn | bzd_Latn
zpo_Latn | zpo_Latn
tgo_Latn | tgo_Latn
mmo_Latn | mmo_Latn
caa_Latn | caa_Latn
rar_Latn | rar_Latn
tgl_Latn | tgl_Latn
dgr_Latn | dgr_Latn
pag_Latn | pag_Latn
cjp_Latn | cjp_Latn
cha_Latn | cha_Latn
aaz_Latn | aaz_Latn
mxp_Latn | mxp_Latn
nhd_Latn | nhd_Latn
gwr_Latn | gwr_Latn
big_Latn | big_Latn
kpw_Latn | kpw_Latn
xmm_Latn | xmm_Latn
mad_Latn | mad_Latn
cop_Copt | cop_Copt
lus_Latn | lus_Latn
kmo_Latn | kmo_Latn
zpq_Latn | zpq_Latn
meq_Latn | meq_Latn
guu_Latn | guu_Latn
dks_Latn | dks_Latn
hye_Armn | hye_Armn
miy_Latn | miy_Latn
mug_Latn | mug_Latn
btx_Latn | btx_Latn
sas_Latn | sas_Latn
wal_Latn | wal_Latn
tlj_Latn | tlj_Latn
dgz_Latn | dgz_Latn
ttr_Cyrl | ttr_Cyrl
chj_Latn | chj_Latn
tby_Latn | tby_Latn
ctu_Latn | ctu_Latn
lid_Latn | lid_Latn
yat_Latn | yat_Latn
sah_Cyrl | sah_Cyrl
eza_Latn | eza_Latn
yml_Latn | yml_Latn
tsz_Latn | tsz_Latn
cpc_Latn | cpc_Latn
tif_Latn | tif_Latn
otq_Latn | otq_Latn
nas_Latn | nas_Latn
bhp_Latn | bhp_Latn
gjn_Latn | gjn_Latn
pes_Arab | pes_Arab
cnw_Latn | cnw_Latn
yaq_Latn | yaq_Latn
zai_Latn | zai_Latn
pxm_Latn | pxm_Latn
cgc_Latn | cgc_Latn
lap_Latn | lap_Latn
kpg_Latn | kpg_Latn
nsu_Latn | nsu_Latn
mam_Latn | mam_Latn
mir_Latn | mir_Latn
plt_Latn | plt_Latn
bmb_Latn | bmb_Latn
czt_Latn | czt_Latn
cbk_Latn | cbk_Latn
hui_Latn | hui_Latn
cko_Latn | cko_Latn
lam_Latn | lam_Latn
rai_Latn | rai_Latn
plw_Latn | plw_Latn
qxr_Latn | qxr_Latn
bis_Latn | bis_Latn
djk_Latn | djk_Latn
mcd_Latn | mcd_Latn
myb_Latn | myb_Latn
fij_Latn | fij_Latn
nhi_Latn | nhi_Latn
sll_Latn | sll_Latn
cpu_Latn | cpu_Latn
tgk_Cyrl | tgk_Cyrl
kmg_Latn | kmg_Latn
mup_Deva | mup_Deva
jpn_Jpan | jpn_Hira
oku_Latn | oku_Latn
miz_Latn | miz_Latn
gaa_Latn | gaa_Latn
tcz_Latn | tcz_Latn
cbi_Latn | cbi_Latn
tiy_Latn | tiy_Latn
kto_Latn | kto_Latn
mjw_Latn | mjw_Latn
kix_Latn | kix_Latn
ino_Latn | ino_Latn
quh_Latn | quh_Latn
uig_Cyrl | uig_Cyrl
fao_Latn | fao_Latn
gyr_Latn | gyr_Latn
ssd_Latn | ssd_Latn
giz_Latn | giz_Latn
xla_Latn | xla_Latn
mpt_Latn | mpt_Latn
twb_Latn | twb_Latn
pkb_Latn | pkb_Latn
lok_Latn | lok_Latn
mta_Latn | mta_Latn
dts_Latn | dts_Latn
crn_Latn | crn_Latn
krc_Cyrl | krc_Cyrl
pps_Latn | pps_Latn
tui_Latn | tui_Latn
mhx_Latn | mhx_Latn
mar_Deva | mar_Deva
bef_Latn | bef_Latn
gym_Latn | gym_Latn
urb_Latn | urb_Latn
wrs_Latn | wrs_Latn
sun_Latn | sun_Latn
kma_Latn | kma_Latn
lem_Latn | lem_Latn
zsm_Latn | zsm_Latn
mza_Latn | mza_Latn
ary_Arab | ary_Arab
zlm_Latn | zlm_Latn
cas_Latn | cas_Latn
mqb_Latn | mqb_Latn
ahk_Latn | ahk_Latn
taj_Deva | taj_Deva
mio_Latn | mio_Latn
lit_Latn | lit_Latn
gso_Latn | gso_Latn
bto_Latn | bto_Latn
lai_Latn | lai_Latn
mlg_Latn | mlg_Latn
oji_Latn | oji_Latn
ife_Latn | ife_Latn
naf_Latn | naf_Latn
prq_Latn | prq_Latn
yas_Latn | yas_Latn
cux_Latn | cux_Latn
mil_Latn | mil_Latn
guj_Gujr | guj_Gujr
moc_Latn | moc_Latn
ote_Latn | ote_Latn
bov_Latn | bov_Latn
nsm_Latn | nsm_Latn
smo_Latn | smo_Latn
lhu_Latn | lhu_Latn
jra_Latn | jra_Latn
acf_Latn | acf_Latn
ter_Latn | ter_Latn
huu_Latn | huu_Latn
las_Latn | las_Latn
ndo_Latn | ndo_Latn
smk_Latn | smk_Latn
cao_Latn | cao_Latn
lgm_Latn | lgm_Latn
mim_Latn | mim_Latn
frd_Latn | frd_Latn
lew_Latn | lew_Latn
dhm_Latn | dhm_Latn
kue_Latn | kue_Latn
kan_Knda | kan_Knda
atb_Latn | atb_Latn
vmy_Latn | vmy_Latn
nus_Latn | nus_Latn
llg_Latn | llg_Latn
pcm_Latn | pcm_Latn
tlf_Latn | tlf_Latn
tmd_Latn | tmd_Latn
mfe_Latn | mfe_Latn
sus_Latn | sus_Latn
nre_Latn | nre_Latn
shp_Latn | shp_Latn
udm_Cyrl | udm_Cyrl
kpz_Latn | kpz_Latn
ngu_Latn | ngu_Latn
wol_Latn | wol_Latn
qxh_Latn | qxh_Latn
ksf_Latn | ksf_Latn
rmo_Latn | rmo_Latn
hin_Deva | hin_Deva
agg_Latn | agg_Latn
kwf_Latn | kwf_Latn
apt_Latn | apt_Latn
mxt_Latn | mxt_Latn
mtp_Latn | mtp_Latn
sop_Latn | sop_Latn
loz_Latn | loz_Latn
yka_Latn | yka_Latn
snp_Latn | snp_Latn
yva_Latn | yva_Latn
ngc_Latn | ngc_Latn
nnw_Latn | nnw_Latn
xog_Latn | xog_Latn
kvn_Latn | kvn_Latn
npo_Latn | npo_Latn
mib_Latn | mib_Latn
mpx_Latn | mpx_Latn
moa_Latn | moa_Latn
tat_Cyrl | tat_Cyrl
ksb_Latn | ksb_Latn
old_Latn | old_Latn
bno_Latn | bno_Latn
opm_Latn | opm_Latn
xsb_Latn | xsb_Latn
nuy_Latn | nuy_Latn
kez_Latn | kez_Latn
kbp_Latn | kbp_Latn
soq_Latn | soq_Latn
maa_Latn | maa_Latn
mqj_Latn | mqj_Latn
kvj_Latn | kvj_Latn
aso_Latn | aso_Latn
tpi_Latn | tpi_Latn
lmk_Latn | lmk_Latn
kat_Geor | kat_Geor
mnx_Latn | mnx_Latn
mto_Latn | mto_Latn
ted_Latn | ted_Latn
xtn_Latn | xtn_Latn
kqc_Latn | kqc_Latn
kri_Latn | kri_Latn
mal_Latn | mal_Latn
mxb_Latn | mxb_Latn
gdn_Latn | gdn_Latn
ziw_Latn | ziw_Latn
